{
  "overall_quality": 0.38608695652173913,
  "explanation_completeness": 0.5152173913043478,
  "confidence": 0.3,
  "processed_chunks": 46
}